,discrete,training,posterior,property,training data,dimensional,impact
0,continuous,learning,agent,property,data,snp,resource
1,discrete,task,variational,calculation,embedded,interaction,elasticity
2,representation,training,factor,summary,curated,population,study
3,probability,adversarial,return,molecule,suitable,association,transcript
4,brain,space,cost,simple,class,dmrg,exposure
5,distribution,class,distribution,exponent,respond,dimensional,cloud
6,spectrum,trained,probabilistic,critical,exit,unit,field
7,study,recurrent,representation,residual,tiling,multiple,bilayer
8,question,input,approach,behavior,recurrence,variant,gene
9,division,policy,adaptive,simulation,boolean,spin,level
10,continuous,learning,agent,property,data,snp,resource
11,discrete,task,variational,calculation,embedded,interaction,elasticity
12,representation,training,factor,summary,curated,population,study
13,probability,adversarial,return,molecule,suitable,association,transcript
14,brain,space,cost,simple,class,dmrg,exposure
15,distribution,class,distribution,exponent,respond,dimensional,cloud
16,spectrum,trained,probabilistic,critical,exit,unit,field
17,study,recurrent,representation,residual,tiling,multiple,bilayer
18,question,input,approach,behavior,recurrence,variant,gene
19,division,policy,adaptive,simulation,boolean,spin,level
20,continuous,learning,agent,property,data,snp,resource
21,discrete,task,variational,calculation,embedded,interaction,elasticity
22,representation,training,factor,summary,curated,population,study
23,probability,adversarial,return,molecule,suitable,association,transcript
24,brain,space,cost,simple,class,dmrg,exposure
25,distribution,class,distribution,exponent,respond,dimensional,cloud
26,spectrum,trained,probabilistic,critical,exit,unit,field
27,study,recurrent,representation,residual,tiling,multiple,bilayer
28,question,input,approach,behavior,recurrence,variant,gene
29,division,policy,adaptive,simulation,boolean,spin,level
30,continuous,learning,agent,property,data,snp,resource
31,discrete,task,variational,calculation,embedded,interaction,elasticity
32,representation,training,factor,summary,curated,population,study
33,probability,adversarial,return,molecule,suitable,association,transcript
34,brain,space,cost,simple,class,dmrg,exposure
35,distribution,class,distribution,exponent,respond,dimensional,cloud
36,spectrum,trained,probabilistic,critical,exit,unit,field
37,study,recurrent,representation,residual,tiling,multiple,bilayer
38,question,input,approach,behavior,recurrence,variant,gene
39,division,policy,adaptive,simulation,boolean,spin,level
40,continuous,learning,agent,property,data,snp,resource
41,discrete,task,variational,calculation,embedded,interaction,elasticity
42,representation,training,factor,summary,curated,population,study
43,probability,adversarial,return,molecule,suitable,association,transcript
44,brain,space,cost,simple,class,dmrg,exposure
45,distribution,class,distribution,exponent,respond,dimensional,cloud
46,spectrum,trained,probabilistic,critical,exit,unit,field
47,study,recurrent,representation,residual,tiling,multiple,bilayer
48,question,input,approach,behavior,recurrence,variant,gene
49,division,policy,adaptive,simulation,boolean,spin,level
